,TEAM,YEAR,W,L,FINISH,G,PA,AB,R,H,2B,3B,HR,RBI,SB,CS,BB,SO,BA,OBP,SLG,OPS,E,DP,FLD%,RA/G,ERA,CG,TSHO,SV,IP,H_A,R_A,ER,HR_A,BB_A,KS,WHIP,SO9,HR9,PAGE
1,PHI,2021,82,80,2,162,37.6,33.12,4.53,7.95,1.62,0.15,1.22,4.32,0.48,0.12,3.48,8.65,0.24,0.318,0.408,0.726,0.58,0.88,0.984,4.6,4.39,0.03,0.07,0.22,8.2,8.15,4.6,4.27,1.23,3.14,9.14,1.29,9.39,1.27,28.8
2,PHI,2020,28,32,3,60,37.1,32.47,5.1,8.33,1.5,0.17,1.37,4.82,0.58,0.13,3.82,8.0,0.257,0.342,0.439,0.781,0.58,0.95,0.983,5.18,5.14,0.05,0.08,0.18,8.28,9.17,5.18,4.73,1.33,3.08,8.87,1.479,9.63,1.45,29.1
3,PHI,2019,81,81,4,162,38.6,34.39,4.78,8.45,1.92,0.16,1.33,4.58,0.48,0.11,3.47,8.97,0.246,0.319,0.427,0.746,0.6,0.84,0.984,4.9,4.53,0.02,0.04,0.22,8.97,8.96,4.9,4.51,1.59,3.37,8.59,1.374,8.62,1.6,28.4
4,PHI,2018,80,82,3,162,37.9,33.48,4.18,7.85,1.49,0.19,1.15,4.03,0.43,0.16,3.59,9.38,0.234,0.314,0.393,0.707,0.76,0.85,0.979,4.49,4.14,0.0,0.07,0.27,8.92,8.43,4.49,4.1,1.06,3.09,9.04,1.291,9.12,1.06,26.8
5,PHI,2017,66,96,5,162,37.9,34.17,4.26,8.53,1.77,0.22,1.07,4.04,0.36,0.15,3.05,8.75,0.25,0.315,0.409,0.724,0.51,0.9,0.986,4.83,4.55,0.01,0.04,0.2,8.9,9.08,4.83,4.5,1.36,3.25,8.08,1.387,8.18,1.38,26.8
6,PHI,2016,71,91,4,162,37.0,33.54,3.77,8.06,1.43,0.22,0.99,3.54,0.59,0.28,2.62,8.49,0.24,0.301,0.384,0.685,0.6,0.88,0.984,4.91,4.63,0.02,0.07,0.27,8.87,9.06,4.91,4.56,1.31,2.88,8.02,1.346,8.14,1.33,26.3
7,PHI,2015,63,99,5,162,37.4,34.13,3.86,8.48,1.68,0.23,0.8,3.62,0.54,0.2,2.39,7.86,0.249,0.303,0.382,0.685,0.72,0.9,0.981,4.99,4.69,0.01,0.04,0.22,8.87,9.83,4.99,4.62,1.18,3.01,7.12,1.448,7.22,1.2,28.5
8,PHI,2014,73,89,5,162,38.3,34.59,3.82,8.37,1.55,0.17,0.77,3.6,0.67,0.16,2.73,8.06,0.242,0.302,0.363,0.665,0.51,0.82,0.987,4.24,3.79,0.01,0.07,0.25,9.06,8.62,4.24,3.82,0.83,3.22,7.75,1.306,7.69,0.82,30.1
9,PHI,2013,73,89,4,162,37.1,33.68,3.77,8.36,1.57,0.2,0.86,3.57,0.45,0.18,2.57,7.44,0.248,0.306,0.384,0.69,0.6,0.87,0.984,4.62,4.32,0.04,0.02,0.2,8.87,9.04,4.62,4.25,0.94,3.12,7.4,1.372,7.51,0.95,28.7
10,PHI,2012,81,81,3,162,38.1,34.22,4.22,8.73,1.67,0.17,0.98,4.07,0.72,0.14,2.8,6.75,0.255,0.317,0.4,0.717,0.62,0.73,0.983,4.2,3.83,0.03,0.07,0.26,8.96,8.56,4.2,3.81,1.1,2.52,8.55,1.237,8.59,1.1,29.1
11,PHI,2011,102,60,1,162,38.8,34.44,4.4,8.7,1.59,0.23,0.94,4.28,0.59,0.15,3.33,6.32,0.253,0.323,0.395,0.718,0.46,0.83,0.988,3.27,3.02,0.11,0.13,0.29,9.12,8.15,3.27,3.06,0.74,2.49,8.02,1.167,7.92,0.73,29.2
12,PHI,2010,97,65,1,162,38.8,34.45,4.77,8.96,1.79,0.21,1.02,4.54,0.67,0.13,3.46,6.57,0.26,0.332,0.413,0.745,0.51,0.98,0.986,3.95,3.67,0.09,0.13,0.25,8.99,8.65,3.95,3.67,1.04,2.57,7.3,1.248,7.31,1.04,31.1
13,PHI,2009,93,69,1,162,39.1,34.43,5.06,8.88,1.93,0.22,1.38,4.86,0.73,0.17,3.64,7.13,0.258,0.334,0.447,0.781,0.47,0.81,0.987,4.38,4.16,0.05,0.06,0.27,8.99,9.13,4.38,4.15,1.17,3.02,7.12,1.352,7.13,1.17,31.2
14,PHI,2008,92,70,1,162,38.7,34.01,4.93,8.69,1.8,0.22,1.32,4.7,0.84,0.15,3.62,6.9,0.255,0.332,0.438,0.77,0.56,0.88,0.985,4.2,3.88,0.02,0.07,0.29,8.95,8.91,4.2,3.86,0.99,3.29,6.67,1.364,6.71,0.99,30.6
15,PHI,2007,89,73,1,162,40.4,35.11,5.51,9.62,2.01,0.25,1.31,5.25,0.85,0.12,3.96,7.44,0.274,0.354,0.458,0.812,0.55,1.0,0.986,5.07,4.73,0.03,0.03,0.26,9.0,9.6,5.07,4.73,1.22,3.44,6.48,1.449,6.48,1.22,30.6
16,PHI,2006,85,77,2,162,40.2,35.1,5.34,9.37,1.81,0.25,1.33,5.08,0.57,0.15,3.86,7.43,0.267,0.347,0.447,0.794,0.64,0.94,0.983,5.01,4.6,0.02,0.04,0.26,9.01,9.64,5.01,4.61,1.3,3.16,7.02,1.42,7.01,1.3,30.5
17,PHI,2005,88,74,2,162,39.2,34.21,4.98,9.22,1.74,0.22,1.03,4.69,0.72,0.17,3.94,6.69,0.27,0.348,0.423,0.771,0.56,0.81,0.985,4.48,4.21,0.02,0.04,0.25,8.86,8.51,4.48,4.15,1.17,3.01,7.15,1.3,7.27,1.19,29.7
18,PHI,2004,86,76,2,162,39.9,34.83,5.19,9.29,1.87,0.14,1.33,4.95,0.62,0.17,3.98,6.99,0.267,0.345,0.443,0.788,0.5,0.88,0.987,4.82,4.45,0.02,0.03,0.27,9.03,9.19,4.82,4.47,1.32,3.1,6.6,1.361,6.58,1.32,29.8
19,PHI,2003,86,76,3,162,39.1,34.22,4.88,8.94,2.01,0.17,1.02,4.67,0.44,0.18,4.02,7.13,0.261,0.343,0.419,0.762,0.6,0.9,0.984,4.3,4.04,0.06,0.08,0.2,8.91,8.56,4.3,4.0,0.88,3.31,6.54,1.331,6.61,0.89,29.0
20,PHI,2002,80,81,3,161,39.3,34.3,4.41,8.87,2.02,0.25,1.02,4.2,0.65,0.27,3.98,6.8,0.259,0.339,0.422,0.761,0.55,0.97,0.986,4.5,4.17,0.03,0.06,0.29,9.0,8.58,4.5,4.17,0.95,3.54,6.68,1.346,6.67,0.95,28.5
21,PHI,2001,86,76,2,162,38.4,33.93,4.6,8.83,1.82,0.18,1.01,4.37,0.94,0.29,3.4,6.94,0.26,0.329,0.414,0.743,0.56,0.9,0.985,4.44,4.15,0.05,0.04,0.29,8.92,8.75,4.44,4.12,1.05,3.25,6.7,1.345,6.76,1.06,28.9
22,PHI,2000,65,97,5,162,38.7,34.02,4.37,8.56,1.88,0.25,0.89,4.12,0.63,0.19,3.77,6.9,0.251,0.329,0.4,0.729,0.62,0.84,0.983,5.12,4.77,0.05,0.04,0.21,8.88,9.0,5.12,4.71,1.24,3.95,6.93,1.458,7.03,1.26,28.7
23,PHI,1999,77,85,3,162,39.4,34.56,5.19,9.5,1.86,0.27,0.99,4.92,0.77,0.22,3.9,6.67,0.275,0.351,0.431,0.782,0.62,0.89,0.983,5.22,4.92,0.07,0.04,0.2,8.88,9.22,5.22,4.86,1.31,3.87,6.36,1.475,6.44,1.33,28.3
24,PHI,1998,75,87,3,162,38.9,34.67,4.4,9.15,1.77,0.22,0.78,4.15,0.6,0.28,3.14,6.67,0.264,0.326,0.395,0.721,0.68,0.81,0.982,4.99,4.64,0.13,0.06,0.2,9.03,9.11,4.99,4.65,1.16,3.36,7.26,1.381,7.23,1.16,29.3
25,PHI,1997,68,94,5,162,37.8,33.6,4.12,8.58,1.79,0.22,0.72,3.84,0.57,0.35,3.2,6.37,0.255,0.322,0.385,0.707,0.67,0.83,0.982,5.19,4.85,0.08,0.04,0.22,8.2,8.9,5.19,4.72,1.06,3.8,7.46,1.448,7.66,1.08,27.9
26,PHI,1996,67,95,5,162,38.1,33.94,4.01,8.67,1.54,0.24,0.81,3.73,0.72,0.25,3.31,6.74,0.256,0.325,0.387,0.712,0.72,0.9,0.981,4.88,4.48,0.07,0.04,0.26,8.79,9.03,4.88,4.37,0.99,3.15,6.44,1.386,6.6,1.01,27.7
27,PHI,1995,69,75,2,144,39.0,34.38,4.27,9.0,1.83,0.21,0.65,4.0,0.5,0.17,3.45,6.14,0.262,0.332,0.384,0.716,0.67,0.97,0.982,4.57,4.21,0.06,0.06,0.28,8.96,8.62,4.57,4.19,0.93,3.74,6.81,1.379,6.84,0.93,27.1
28,PHI,1994,54,61,4,115,38.6,34.15,4.53,8.94,1.81,0.24,0.7,4.21,0.58,0.21,3.44,6.18,0.262,0.332,0.39,0.722,0.82,0.83,0.978,4.32,3.85,0.06,0.05,0.26,8.91,8.94,4.32,3.81,0.85,3.28,6.08,1.372,6.14,0.86,29.3
29,PHI,1993,97,65,1,162,40.3,35.09,5.41,9.6,1.83,0.31,0.96,5.01,0.56,0.2,4.1,6.48,0.274,0.351,0.426,0.777,0.87,0.76,0.977,4.57,3.95,0.15,0.07,0.28,9.09,8.76,4.57,3.99,0.8,3.54,6.9,1.353,6.83,0.79,28.8
30,PHI,1992,70,92,6,162,38.1,33.95,4.23,8.59,1.57,0.22,0.73,3.94,0.78,0.19,3.14,6.54,0.253,0.32,0.377,0.697,0.81,0.79,0.978,4.43,4.11,0.17,0.04,0.21,8.81,8.56,4.43,4.02,0.7,3.39,5.25,1.356,5.36,0.71,26.8
31,PHI,1991,78,84,3,162,37.9,34.08,3.88,8.22,1.53,0.2,0.69,3.64,0.57,0.19,3.02,6.33,0.241,0.303,0.358,0.661,0.73,0.69,0.981,4.2,3.86,0.1,0.07,0.22,9.03,8.31,4.2,3.88,0.69,4.14,6.1,1.378,6.08,0.68,26.7
32,PHI,1990,77,85,4,162,38.5,34.17,3.99,8.7,1.46,0.17,0.64,3.82,0.67,0.22,3.59,5.65,0.255,0.327,0.363,0.69,0.72,0.93,0.981,4.5,4.07,0.11,0.04,0.22,8.94,8.52,4.5,4.04,0.77,4.02,5.19,1.402,5.22,0.77,26.5
33,PHI,1989,67,95,6,163,37.6,33.42,3.86,8.12,1.32,0.22,0.75,3.64,0.65,0.31,3.42,5.68,0.243,0.314,0.364,0.678,0.82,0.83,0.979,4.51,4.04,0.06,0.06,0.2,8.79,8.64,4.51,3.95,0.78,3.76,5.52,1.41,5.64,0.8,27.8
34,PHI,1988,65,96,6,162,37.4,33.35,3.69,7.99,1.52,0.19,0.65,3.5,0.69,0.3,3.02,6.06,0.239,0.306,0.355,0.661,0.9,0.86,0.976,4.53,4.14,0.1,0.04,0.22,8.85,8.93,4.53,4.07,0.73,3.88,5.3,1.448,5.39,0.74,29.0
35,PHI,1987,80,82,4,162,38.2,33.8,4.33,8.58,1.53,0.31,1.04,4.09,0.69,0.3,3.62,6.85,0.254,0.327,0.41,0.737,0.75,0.85,0.98,4.62,4.18,0.08,0.04,0.3,8.94,8.97,4.62,4.15,1.03,3.62,5.41,1.409,5.45,1.04,28.2
36,PHI,1986,86,75,2,161,38.7,34.06,4.59,8.61,1.65,0.24,0.96,4.32,0.95,0.37,3.66,7.17,0.253,0.327,0.4,0.727,0.85,0.98,0.978,4.43,3.85,0.14,0.07,0.24,9.02,9.15,4.43,3.86,0.81,3.43,5.43,1.396,5.42,0.81,28.6
37,PHI,1985,75,87,5,162,37.8,33.81,4.12,8.29,1.47,0.29,0.87,3.88,0.75,0.31,3.25,6.76,0.245,0.312,0.383,0.695,0.86,0.88,0.978,4.15,3.68,0.15,0.06,0.19,8.93,8.79,4.15,3.65,0.71,3.68,5.55,1.396,5.59,0.72,30.2
38,PHI,1984,81,81,4,162,38.8,34.65,4.44,9.22,1.53,0.31,0.91,4.15,1.15,0.37,3.43,6.69,0.266,0.333,0.407,0.74,0.99,0.69,0.975,4.26,3.62,0.07,0.04,0.22,9.0,8.74,4.26,3.62,0.62,2.77,5.58,1.278,5.58,0.62,31.9
39,PHI,1983,90,72,1,163,38.1,33.29,4.27,8.29,1.28,0.28,0.77,3.98,0.88,0.46,3.93,5.56,0.249,0.329,0.373,0.702,0.93,0.72,0.976,3.9,3.34,0.12,0.06,0.25,8.97,8.77,3.9,3.33,0.68,2.85,6.7,1.295,6.72,0.68,30.3
40,PHI,1982,89,73,2,162,37.7,33.67,4.1,8.75,1.51,0.15,0.69,3.85,0.79,0.47,3.12,5.13,0.26,0.323,0.376,0.699,0.75,0.85,0.981,4.04,3.61,0.23,0.08,0.2,8.99,8.61,4.04,3.6,0.53,2.91,6.19,1.282,6.19,0.53,31.9
41,PHI,1981,59,48,3,107,38.7,34.25,4.59,9.36,1.54,0.23,0.64,4.23,0.96,0.43,3.48,4.04,0.273,0.341,0.389,0.73,0.8,0.84,0.98,4.41,4.05,0.18,0.05,0.21,8.97,9.04,4.41,4.04,0.67,3.24,5.42,1.368,5.44,0.67,30.3
42,PHI,1980,91,71,1,162,38.7,34.72,4.49,9.36,1.68,0.33,0.72,4.16,0.86,0.38,2.91,4.37,0.27,0.327,0.4,0.727,0.84,0.84,0.979,3.94,3.43,0.15,0.05,0.25,9.14,8.76,3.94,3.48,0.54,3.27,5.49,1.317,5.41,0.53,28.6
43,PHI,1979,84,78,4,163,38.2,33.52,4.19,8.91,1.53,0.33,0.73,3.93,0.79,0.47,3.69,4.69,0.266,0.34,0.396,0.736,0.65,0.91,0.983,4.4,4.16,0.2,0.09,0.18,8.84,8.93,4.4,4.09,0.83,2.93,4.83,1.34,4.91,0.84,28.3
44,PHI,1978,90,72,1,162,38.0,33.63,4.37,8.67,1.53,0.2,0.82,4.08,0.94,0.36,3.41,5.35,0.258,0.328,0.388,0.716,0.64,0.96,0.983,3.62,3.33,0.23,0.06,0.18,8.87,8.29,3.62,3.28,0.73,2.43,5.02,1.209,5.09,0.74,30.3
45,PHI,1977,101,61,1,162,38.8,34.23,5.23,9.56,1.64,0.35,1.15,4.91,0.83,0.42,3.54,4.98,0.279,0.346,0.448,0.794,0.74,1.04,0.981,4.12,3.71,0.19,0.04,0.29,8.99,8.96,4.12,3.7,0.83,2.98,5.28,1.328,5.29,0.83,29.7
46,PHI,1976,101,61,1,162,38.5,34.12,4.75,9.29,1.6,0.28,0.68,4.37,0.78,0.43,3.35,4.9,0.272,0.338,0.395,0.733,0.71,0.91,0.981,3.44,3.08,0.21,0.06,0.27,9.01,8.5,3.44,3.08,0.6,2.45,5.67,1.216,5.66,0.6,29.8
47,PHI,1975,86,76,2,162,39.3,34.52,4.54,9.3,1.75,0.26,0.77,4.24,0.78,0.35,3.77,5.93,0.269,0.342,0.402,0.744,0.94,0.96,0.976,4.28,3.82,0.2,0.07,0.19,8.98,8.35,4.28,3.81,0.69,3.37,5.54,1.305,5.55,0.69,27.3
48,PHI,1974,80,82,3,162,37.8,33.91,4.17,8.85,1.44,0.31,0.59,3.93,0.71,0.36,2.9,5.07,0.261,0.32,0.373,0.693,0.91,1.04,0.976,4.33,3.91,0.28,0.02,0.12,8.93,8.6,4.33,3.88,0.69,4.21,5.51,1.434,5.55,0.69,27.6
49,PHI,1973,71,91,6,162,38.0,34.23,3.96,8.52,1.35,0.18,0.83,3.65,0.31,0.29,2.94,6.04,0.249,0.31,0.371,0.681,0.83,1.1,0.979,4.43,3.99,0.3,0.07,0.14,8.93,8.86,4.43,3.96,0.81,3.9,5.67,1.428,5.71,0.81,26.4
50,PHI,1972,59,97,6,156,37.6,33.64,3.22,7.95,1.28,0.23,0.63,3.01,0.27,0.32,3.12,5.96,0.236,0.302,0.344,0.646,0.74,0.91,0.981,4.07,3.66,0.28,0.08,0.1,8.97,8.45,4.07,3.65,0.75,3.44,5.94,1.324,5.96,0.75,27.0
51,PHI,1971,67,95,6,162,38.1,34.19,3.44,7.96,1.29,0.22,0.76,3.22,0.39,0.24,3.08,6.36,0.233,0.298,0.35,0.648,0.75,0.98,0.981,4.25,3.71,0.19,0.06,0.15,9.08,8.62,4.25,3.75,0.81,3.24,5.17,1.306,5.13,0.81,28.6
52,PHI,1970,73,88,5,161,37.9,33.89,3.69,8.07,1.39,0.36,0.63,3.43,0.45,0.4,3.22,6.62,0.238,0.305,0.356,0.661,0.71,0.83,0.981,4.53,4.17,0.15,0.05,0.22,9.07,9.21,4.53,4.2,0.82,3.34,6.5,1.383,6.45,0.81,28.8
53,PHI,1969,63,99,5,162,37.5,33.38,3.98,8.05,1.4,0.22,0.85,3.66,0.45,0.3,3.39,6.98,0.241,0.312,0.372,0.684,0.85,0.97,0.978,4.6,4.14,0.29,0.09,0.13,8.85,9.22,4.6,4.07,0.83,3.52,5.69,1.439,5.78,0.84,26.1
54,PHI,1968,76,86,7,162,36.8,33.16,3.35,7.73,1.1,0.19,0.62,3.12,0.36,0.31,2.85,6.19,0.233,0.294,0.333,0.627,0.78,1.01,0.98,3.8,3.36,0.26,0.07,0.17,8.94,8.74,3.8,3.34,0.56,2.6,5.77,1.268,5.81,0.57,29.2
55,PHI,1967,82,80,5,162,37.6,33.34,3.78,8.06,1.36,0.29,0.64,3.41,0.49,0.38,3.36,6.38,0.242,0.313,0.357,0.67,0.85,1.07,0.978,3.59,3.1,0.28,0.1,0.15,8.97,8.47,3.59,3.09,0.53,2.49,5.97,1.221,5.99,0.53,30.6
56,PHI,1966,87,75,4,162,38.6,34.61,4.3,8.94,1.38,0.3,0.72,3.88,0.35,0.26,3.15,5.98,0.258,0.322,0.378,0.7,0.7,0.91,0.982,3.95,3.57,0.32,0.09,0.14,9.01,8.88,3.95,3.57,0.85,2.54,5.73,1.268,5.72,0.84,30.1
57,PHI,1965,85,76,6,162,38.1,34.12,4.04,8.52,1.27,0.33,0.89,3.75,0.28,0.2,3.05,6.73,0.25,0.313,0.384,0.697,0.97,0.94,0.975,4.12,3.53,0.31,0.11,0.13,9.07,8.8,4.12,3.56,0.72,2.88,6.61,1.288,6.56,0.71,29.0
58,PHI,1964,92,70,2,162,37.8,33.91,4.28,8.73,1.49,0.31,0.8,4.01,0.19,0.22,2.72,5.7,0.258,0.315,0.391,0.706,0.97,0.93,0.975,3.9,3.36,0.23,0.1,0.26,9.02,8.65,3.9,3.37,0.8,2.72,6.23,1.261,6.22,0.79,26.9
59,PHI,1963,87,75,4,162,37.6,34.1,3.96,8.58,1.41,0.33,0.78,3.7,0.35,0.24,2.49,5.9,0.252,0.306,0.381,0.687,0.88,0.91,0.978,3.57,3.09,0.28,0.07,0.19,9.0,7.79,3.57,3.09,0.7,3.41,6.49,1.245,6.5,0.7,27.4
60,PHI,1962,81,80,7,161,38.1,33.66,4.38,8.76,1.24,0.24,0.88,4.09,0.49,0.26,3.3,5.73,0.26,0.33,0.39,0.72,0.86,1.04,0.977,4.71,4.28,0.27,0.04,0.15,8.86,9.12,4.71,4.21,0.96,3.57,5.36,1.432,5.44,0.98,25.8
61,PHI,1961,47,107,8,155,37.9,33.63,3.77,8.16,1.19,0.32,0.66,3.54,0.36,0.19,3.06,5.99,0.243,0.31,0.357,0.667,0.94,1.15,0.976,5.14,4.61,0.19,0.06,0.08,8.92,9.37,5.14,4.57,1.0,3.36,5.0,1.426,5.04,1.01,27.1
62,PHI,1960,59,95,8,154,37.3,33.56,3.55,8.02,1.27,0.29,0.64,3.27,0.29,0.31,2.91,6.84,0.239,0.302,0.351,0.653,1.01,0.84,0.974,4.49,4.01,0.29,0.04,0.1,8.93,9.24,4.49,3.98,0.86,2.85,4.78,1.354,4.82,0.87,26.8
63,PHI,1959,64,90,8,155,37.0,32.96,3.86,7.98,1.26,0.25,0.73,3.61,0.25,0.3,3.21,5.54,0.242,0.312,0.362,0.674,0.99,0.85,0.973,4.68,4.27,0.35,0.05,0.09,8.74,8.75,4.68,4.15,0.97,3.06,4.96,1.352,5.11,1.0,27.4
64,PHI,1958,69,85,8,154,39.5,34.82,4.31,9.25,1.55,0.36,0.81,4.09,0.33,0.21,3.72,5.66,0.266,0.339,0.4,0.739,0.84,0.88,0.978,4.95,4.32,0.33,0.04,0.1,9.07,9.61,4.95,4.36,0.96,2.9,5.05,1.379,5.01,0.95,28.0
65,PHI,1957,77,77,5,156,38.0,33.6,3.99,8.4,1.37,0.28,0.75,3.65,0.37,0.17,3.42,4.86,0.25,0.322,0.375,0.697,0.87,0.75,0.976,4.21,3.79,0.35,0.06,0.15,8.99,8.74,4.21,3.79,0.89,2.64,5.5,1.266,5.51,0.89,28.1
66,PHI,1956,71,83,5,154,38.4,33.79,4.34,8.53,1.34,0.32,0.79,4.0,0.29,0.15,3.8,4.37,0.252,0.329,0.381,0.71,0.94,0.91,0.975,4.79,4.2,0.37,0.03,0.1,8.94,9.14,4.79,4.18,1.12,2.84,4.87,1.339,4.9,1.12,28.7
67,PHI,1955,77,77,4,154,38.1,33.06,4.38,8.44,1.39,0.32,0.86,4.1,0.29,0.21,4.23,4.37,0.255,0.34,0.395,0.735,0.71,0.76,0.981,4.32,3.93,0.38,0.07,0.14,8.81,8.38,4.32,3.84,1.05,3.1,4.27,1.303,4.36,1.07,28.7
68,PHI,1954,75,79,4,154,38.6,33.66,4.28,8.99,1.58,0.38,0.66,4.03,0.19,0.18,3.92,4.03,0.267,0.341,0.395,0.736,0.94,0.86,0.975,3.99,3.59,0.51,0.09,0.07,8.87,8.63,3.99,3.54,0.86,2.92,3.7,1.303,3.76,0.88,28.7
69,PHI,1953,83,71,3,156,37.9,33.91,4.59,8.97,1.46,0.4,0.74,4.21,0.27,0.13,3.4,3.83,0.265,0.335,0.396,0.731,0.94,1.03,0.975,4.27,3.8,0.49,0.08,0.1,8.78,9.04,4.27,3.71,0.88,2.63,4.08,1.329,4.19,0.91,28.3
70,PHI,1952,87,67,4,154,38.2,33.8,4.27,8.79,1.54,0.29,0.6,3.94,0.39,0.27,3.51,3.47,0.26,0.332,0.376,0.708,0.97,0.94,0.975,3.58,3.07,0.52,0.11,0.1,9.0,8.48,3.58,3.07,0.62,2.42,3.95,1.211,3.95,0.62,27.8
71,PHI,1951,73,81,5,154,38.7,34.62,4.21,8.99,1.29,0.31,0.7,3.95,0.41,0.18,3.28,3.41,0.26,0.326,0.375,0.701,0.9,0.95,0.977,4.18,3.81,0.37,0.12,0.1,8.99,8.92,4.18,3.81,0.71,3.23,3.7,1.351,3.7,0.71,28.2
72,PHI,1950,91,63,1,157,38.6,34.56,4.6,9.17,1.43,0.35,0.8,4.29,0.21,0.15,3.41,3.62,0.265,0.334,0.396,0.73,0.96,0.99,0.975,3.97,3.5,0.36,0.08,0.17,8.96,8.43,3.97,3.48,0.78,3.38,3.95,1.319,3.97,0.78,26.3
73,PHI,1949,81,73,3,154,38.5,34.46,4.3,8.76,1.51,0.36,0.79,4.04,0.18,0.14,3.43,4.35,0.254,0.325,0.388,0.713,1.01,0.92,0.974,4.34,3.89,0.38,0.08,0.1,9.04,9.02,4.34,3.91,0.68,3.26,3.21,1.359,3.2,0.67,28.5
74,PHI,1948,66,88,6,155,37.6,34.11,3.81,8.82,1.46,0.25,0.59,3.54,0.44,0.3,2.84,3.86,0.259,0.318,0.368,0.686,1.35,0.81,0.964,4.7,4.08,0.39,0.04,0.1,8.79,8.94,4.7,3.98,0.61,3.59,3.55,1.425,3.63,0.63,30.9
75,PHI,1947,62,92,7,155,37.6,33.91,3.8,8.74,1.35,0.34,0.39,3.51,0.39,0.33,2.99,3.83,0.258,0.321,0.352,0.673,0.98,0.9,0.974,4.43,3.96,0.45,0.05,0.09,8.79,9.03,4.43,3.86,0.63,3.31,3.32,1.404,3.4,0.65,32.5
76,PHI,1946,69,85,5,155,37.3,33.76,3.61,8.72,1.35,0.26,0.52,3.33,0.26,0.32,2.69,3.81,0.258,0.315,0.359,0.674,0.95,0.93,0.975,4.55,3.99,0.35,0.07,0.15,8.83,9.3,4.55,3.92,0.47,3.5,3.16,1.449,3.22,0.48,29.8
77,PHI,1945,46,108,8,154,37.3,33.79,3.56,8.3,1.28,0.18,0.36,3.27,0.35,0.32,2.92,3.25,0.246,0.307,0.326,0.633,1.52,0.97,0.962,5.62,4.64,0.2,0.03,0.17,8.78,10.03,5.62,4.53,0.4,3.95,2.81,1.591,2.87,0.41,31.2
78,PHI,1944,61,92,8,154,38.4,34.42,3.5,8.64,1.29,0.27,0.36,3.21,0.21,0.18,3.05,3.25,0.251,0.316,0.336,0.652,1.15,0.9,0.972,4.27,3.64,0.43,0.07,0.04,9.06,9.14,4.27,3.66,0.32,2.98,3.22,1.337,3.2,0.32,29.6
79,PHI,1943,64,90,7,157,37.7,33.74,3.64,8.41,1.18,0.23,0.42,3.36,0.18,0.2,3.18,3.54,0.249,0.316,0.335,0.651,1.2,0.91,0.969,4.31,3.79,0.42,0.06,0.09,8.87,9.15,4.31,3.73,0.38,2.87,2.75,1.355,2.79,0.38,29.0
80,PHI,1942,42,109,8,151,36.9,33.51,2.61,7.77,1.11,0.25,0.29,2.36,0.25,0.33,2.6,3.23,0.232,0.289,0.306,0.595,1.28,0.97,0.968,4.68,4.12,0.34,0.01,0.04,8.88,8.79,4.68,4.07,0.4,4.01,3.13,1.441,3.17,0.41,26.0
81,PHI,1941,43,111,8,155,37.4,33.76,3.23,8.24,1.21,0.25,0.41,3.01,0.42,0.39,2.91,3.85,0.244,0.307,0.331,0.638,1.21,0.95,0.969,5.12,4.5,0.23,0.03,0.06,8.85,9.67,5.12,4.43,0.51,3.91,3.56,1.534,3.62,0.52,27.5
82,PHI,1940,50,103,8,153,37.1,33.58,3.23,8.01,1.18,0.23,0.49,3.0,0.16,0.26,2.84,3.44,0.238,0.3,0.331,0.631,1.18,0.89,0.97,4.9,4.4,0.43,0.03,0.05,8.87,9.34,4.9,4.33,0.6,3.1,3.17,1.403,3.22,0.61,27.9
83,PHI,1939,45,106,8,152,37.6,33.77,3.64,8.82,1.53,0.26,0.32,3.36,0.31,0.39,2.77,3.2,0.261,0.318,0.351,0.669,1.13,0.89,0.97,5.63,5.17,0.44,0.02,0.08,8.73,9.88,5.63,5.01,0.7,3.81,2.94,1.569,3.03,0.72,27.7
84,PHI,1938,45,105,8,151,37.9,34.38,3.64,8.73,1.54,0.19,0.26,3.33,0.25,0.3,2.8,3.36,0.254,0.312,0.333,0.645,1.33,0.89,0.966,5.56,4.93,0.45,0.02,0.04,8.8,10.04,5.56,4.82,0.5,3.85,3.26,1.578,3.33,0.51,28.5
85,PHI,1937,61,92,7,155,38.7,34.99,4.67,9.56,1.66,0.24,0.66,4.31,0.43,0.47,3.08,4.13,0.273,0.334,0.391,0.725,1.19,1.01,0.97,5.61,5.05,0.38,0.04,0.1,8.86,10.51,5.61,4.97,0.74,3.23,3.41,1.551,3.47,0.75,28.0
86,PHI,1936,54,100,8,154,39.2,35.49,4.71,9.99,1.62,0.3,0.67,4.43,0.32,0.35,2.93,3.81,0.281,0.339,0.401,0.74,1.64,0.94,0.959,5.68,4.64,0.33,0.05,0.09,8.87,10.58,5.68,4.57,0.56,3.34,2.95,1.571,2.99,0.57,28.0
87,PHI,1935,64,89,7,156,38.1,34.88,4.39,9.4,1.6,0.21,0.59,4.0,0.33,0.35,2.51,4.24,0.269,0.322,0.378,0.7,1.46,0.93,0.963,5.58,4.76,0.34,0.05,0.1,8.81,10.59,5.58,4.66,0.68,3.24,3.04,1.569,3.11,0.69,27.6
88,PHI,1934,56,93,7,149,38.4,35.02,4.53,9.93,1.92,0.23,0.38,4.26,0.35,0.4,2.67,3.58,0.284,0.338,0.384,0.722,1.32,0.94,0.966,5.33,4.76,0.35,0.05,0.1,8.7,10.07,5.33,4.6,0.85,2.93,2.79,1.494,2.89,0.87,29.8
89,PHI,1933,60,92,7,152,38.2,34.61,3.99,9.47,1.58,0.27,0.39,3.75,0.36,0.35,2.51,3.15,0.274,0.326,0.369,0.695,1.2,1.03,0.97,5.0,4.34,0.34,0.06,0.09,8.79,10.28,5.0,4.24,0.57,2.7,2.24,1.476,2.3,0.59,29.3
90,PHI,1932,78,76,4,154,39.7,35.78,5.48,10.44,2.14,0.44,0.79,5.06,0.46,0.36,2.9,3.55,0.292,0.348,0.442,0.79,1.26,0.86,0.968,5.17,4.47,0.38,0.03,0.11,8.99,10.32,5.17,4.46,0.69,2.92,2.98,1.473,2.98,0.7,29.8
91,PHI,1931,66,88,6,155,38.3,34.68,4.41,9.69,1.93,0.34,0.52,4.19,0.27,0.43,2.82,3.17,0.279,0.336,0.4,0.736,1.35,0.96,0.966,5.34,4.58,0.39,0.04,0.11,8.78,10.34,5.34,4.46,0.48,3.3,3.22,1.554,3.3,0.5,28.8
92,PHI,1930,52,102,8,156,40.4,36.33,6.05,11.43,2.21,0.28,0.81,5.67,0.22,0.29,2.88,2.94,0.315,0.367,0.458,0.825,1.53,1.08,0.962,7.69,6.71,0.35,0.02,0.04,8.8,12.78,7.69,6.56,0.91,3.48,2.46,1.847,2.52,0.93,29.1
93,PHI,1929,71,82,5,154,40.4,35.61,5.82,10.99,1.98,0.33,0.99,5.46,0.38,0.37,3.72,3.05,0.309,0.377,0.467,0.844,1.24,0.99,0.969,6.7,6.13,0.29,0.03,0.16,8.75,11.32,6.7,5.96,0.79,4.0,2.4,1.75,2.46,0.81,28.2
94,PHI,1928,43,109,8,152,39.0,34.43,4.34,9.18,1.69,0.31,0.56,3.99,0.35,0.36,3.31,3.36,0.267,0.333,0.382,0.715,1.19,1.13,0.971,6.3,5.61,0.28,0.03,0.09,8.86,10.95,6.3,5.52,0.71,4.44,2.64,1.737,2.69,0.72,28.0
95,PHI,1927,51,103,8,155,38.5,34.3,4.37,9.59,1.39,0.3,0.37,3.98,0.44,,2.8,3.11,0.28,0.337,0.37,0.707,1.09,0.98,0.972,5.83,5.36,0.52,0.03,0.04,8.74,11.03,5.83,5.21,0.54,2.98,2.43,1.603,2.5,0.56,29.8
96,PHI,1926,58,93,8,152,38.5,34.57,4.52,9.73,1.61,0.33,0.49,4.16,0.31,,2.78,3.15,0.281,0.337,0.39,0.727,1.47,1.01,0.964,5.92,5.03,0.45,0.03,0.03,8.78,11.18,5.92,4.91,0.45,2.99,2.18,1.614,2.23,0.46,29.0
97,PHI,1925,68,85,6,153,39.5,35.37,5.31,10.44,1.88,0.38,0.65,4.78,0.31,0.39,2.98,3.54,0.295,0.354,0.425,0.779,1.38,0.96,0.966,6.08,5.02,0.45,0.05,0.06,8.83,11.46,6.08,4.93,0.76,2.9,2.42,1.627,2.47,0.78,30.8
98,PHI,1924,55,96,7,152,38.5,34.91,4.45,9.6,1.68,0.37,0.62,4.05,0.38,0.44,2.51,2.97,0.275,0.328,0.397,0.725,1.15,1.11,0.972,5.59,4.87,0.39,0.05,0.07,8.91,11.13,5.59,4.82,0.55,3.09,2.3,1.595,2.32,0.56,30.0
99,PHI,1923,50,104,8,155,39.1,35.43,4.83,9.86,1.67,0.25,0.72,4.37,0.45,0.47,2.67,3.59,0.278,0.333,0.401,0.734,1.4,1.11,0.966,6.5,5.34,0.44,0.02,0.05,8.88,11.62,6.5,5.26,0.65,3.54,2.48,1.707,2.51,0.65,28.5
100,PHI,1922,57,96,7,154,39.6,35.45,4.79,9.98,1.74,0.36,0.75,4.45,0.31,0.39,2.92,3.97,0.282,0.341,0.415,0.756,1.46,0.99,0.965,5.97,4.64,0.46,0.04,0.03,8.91,10.99,5.97,4.59,0.58,2.99,2.56,1.569,2.58,0.58,26.2
101,PHI,1921,51,103,8,154,37.4,34.6,4.01,9.82,1.55,0.32,0.57,3.72,0.43,0.52,1.91,3.99,0.284,0.324,0.397,0.721,1.92,0.82,0.955,5.97,4.48,0.53,0.03,0.06,8.2,10.81,5.97,4.36,0.51,2.41,2.16,1.51,2.22,0.53,26.0
102,PHI,1920,62,91,8,153,37.5,34.41,3.69,9.05,1.5,0.35,0.42,3.16,0.65,0.54,1.85,3.47,0.263,0.305,0.364,0.669,1.52,0.88,0.964,4.67,3.63,0.51,0.05,0.07,9.02,9.67,4.67,3.64,0.23,2.9,2.74,1.394,2.73,0.23,26.3
103,PHI,1919,47,90,8,138,37.8,34.39,3.7,8.63,1.51,0.36,0.3,3.16,0.83,,2.34,3.4,0.251,0.303,0.342,0.645,1.58,0.81,0.963,5.07,4.14,0.67,0.04,0.01,9.07,10.08,5.07,4.17,0.29,2.96,2.88,1.437,2.85,0.29,27.7
104,PHI,1918,55,68,6,125,37.5,33.54,3.44,8.18,1.26,0.22,0.2,3.01,0.78,,2.77,3.2,0.244,0.305,0.313,0.618,1.69,0.77,0.961,4.06,3.15,0.62,0.08,0.05,9.12,8.69,4.06,3.19,0.18,2.95,2.5,1.277,2.46,0.17,27.7
105,PHI,1917,87,65,2,154,37.2,33.01,3.75,8.19,1.46,0.39,0.25,3.42,0.71,,2.82,3.46,0.248,0.31,0.339,0.649,1.38,0.73,0.967,3.25,2.46,0.66,0.14,0.03,9.02,8.17,3.25,2.46,0.16,2.11,4.0,1.14,3.99,0.16,28.3
106,PHI,1916,91,62,2,154,36.4,32.37,3.77,8.08,1.45,0.34,0.27,3.16,0.97,,2.59,3.71,0.25,0.31,0.341,0.651,1.52,0.77,0.963,3.18,2.36,0.63,0.16,0.06,8.98,8.04,3.18,2.35,0.18,1.92,3.9,1.109,3.91,0.18,28.5
107,PHI,1915,90,62,1,153,36.6,32.13,3.85,7.95,1.32,0.25,0.38,3.18,0.79,0.74,3.01,3.92,0.247,0.316,0.34,0.656,1.41,0.65,0.966,3.03,2.17,0.64,0.13,0.05,8.98,7.59,3.03,2.17,0.17,2.24,4.26,1.094,4.27,0.17,26.7
108,PHI,1914,74,80,6,154,37.5,33.18,4.23,8.73,1.37,0.34,0.4,3.67,0.94,,3.06,3.7,0.263,0.329,0.361,0.69,2.1,0.53,0.95,4.46,3.06,0.55,0.09,0.05,8.96,9.11,4.46,3.05,0.17,2.94,4.22,1.345,4.24,0.17,23.8
109,PHI,1913,88,63,2,159,37.8,33.96,4.36,9.01,1.62,0.49,0.46,3.75,0.98,0.77,2.41,3.64,0.265,0.318,0.382,0.7,1.35,0.7,0.968,4.0,3.15,0.48,0.13,0.07,9.15,8.85,4.0,3.21,0.25,3.22,4.19,1.319,4.12,0.25,25.0
110,PHI,1912,73,79,5,152,37.9,33.4,4.41,8.91,1.61,0.45,0.28,3.75,1.05,,3.05,4.05,0.267,0.332,0.367,0.699,1.52,0.64,0.963,4.53,3.25,0.53,0.07,0.06,8.91,9.09,4.53,3.22,0.28,3.39,4.05,1.399,4.09,0.29,25.4
111,PHI,1911,79,73,4,153,37.6,32.97,4.3,8.54,1.4,0.37,0.39,3.69,1.0,,3.2,3.84,0.259,0.328,0.359,0.687,1.51,0.74,0.963,4.37,3.3,0.59,0.13,0.07,8.98,8.4,4.37,3.29,0.28,3.91,4.56,1.371,4.57,0.28,27.3
112,PHI,1910,78,75,4,157,37.8,32.94,4.29,8.4,1.42,0.45,0.14,3.6,1.27,,3.22,3.56,0.255,0.327,0.338,0.665,1.64,0.84,0.96,4.07,3.05,0.54,0.11,0.06,8.99,8.26,4.07,3.05,0.23,3.48,4.18,1.307,4.19,0.23,28.7
113,PHI,1909,74,79,5,154,37.1,32.69,3.36,7.97,1.2,0.34,0.08,2.71,1.2,,2.39,3.18,0.244,0.302,0.309,0.611,1.56,0.63,0.962,3.37,2.44,0.58,0.11,0.04,9.03,7.73,3.37,2.45,0.15,3.06,3.97,1.195,3.96,0.15,27.3
114,PHI,1908,83,71,4,155,36.3,32.34,3.25,7.89,1.25,0.44,0.07,2.58,1.29,,2.15,3.41,0.244,0.298,0.316,0.614,1.54,0.48,0.963,2.87,2.1,0.75,0.14,0.04,8.99,7.53,2.87,2.1,0.05,2.45,3.07,1.11,3.08,0.05,26.4
115,PHI,1907,83,64,3,149,35.9,31.71,3.45,7.47,1.09,0.44,0.08,2.85,1.03,,2.85,3.49,0.236,0.304,0.305,0.609,1.72,0.7,0.957,3.19,2.43,0.74,0.14,0.03,8.72,7.35,3.19,2.36,0.09,2.83,3.35,1.168,3.46,0.09,26.6
116,PHI,1906,71,82,4,154,35.9,31.89,3.43,7.68,1.28,0.31,0.08,2.88,1.17,,2.81,3.48,0.241,0.307,0.307,0.614,1.76,0.54,0.956,3.66,2.58,0.7,0.14,0.03,8.79,7.8,3.66,2.52,0.12,2.83,3.25,1.209,3.32,0.12,27.2
117,PHI,1905,83,69,4,155,37.9,33.83,4.57,8.79,1.21,0.53,0.1,3.66,1.16,,2.62,3.96,0.26,0.318,0.336,0.654,1.77,0.64,0.957,3.89,2.81,0.77,0.08,0.03,9.02,8.41,3.89,2.82,0.14,2.65,3.33,1.225,3.32,0.14,30.0
118,PHI,1904,52,100,8,155,36.7,32.92,3.68,8.18,1.1,0.35,0.15,3.03,1.03,,2.43,3.41,0.248,0.305,0.316,0.621,2.6,0.6,0.937,5.06,3.39,0.85,0.06,0.01,8.64,9.15,5.06,3.26,0.14,2.74,3.03,1.376,3.15,0.15,28.6
119,PHI,1903,49,86,7,139,38.4,34.4,4.44,9.23,1.34,0.45,0.09,3.6,0.86,,2.42,3.1,0.268,0.322,0.341,0.663,2.16,0.55,0.947,5.31,3.96,0.91,0.04,0.02,8.72,9.69,5.31,3.84,0.15,3.06,2.74,1.462,2.83,0.16,28.2
120,PHI,1902,56,81,7,138,37.3,33.44,3.51,8.25,0.8,0.31,0.04,2.82,0.78,,2.58,3.48,0.247,0.305,0.293,0.598,2.21,0.59,0.946,4.7,3.5,0.86,0.06,0.02,8.78,9.59,4.7,3.41,0.09,2.42,3.65,1.368,3.75,0.09,26.4
121,PHI,1901,83,57,2,140,38.7,34.24,4.77,9.11,1.39,0.41,0.17,3.94,1.42,,3.07,3.93,0.266,0.334,0.346,0.68,1.87,0.46,0.954,3.88,2.87,0.89,0.11,0.01,8.91,8.72,3.88,2.84,0.14,1.85,3.43,1.187,3.47,0.14,25.9
122,PHI,1900,75,63,3,141,39.7,35.24,5.74,10.21,1.33,0.58,0.21,4.92,1.45,,3.12,2.67,0.29,0.356,0.378,0.734,2.34,0.89,0.945,5.62,4.12,0.82,0.05,0.02,8.86,10.68,5.62,4.06,0.21,2.85,2.01,1.528,2.05,0.21,27.0
123,PHI,1899,94,58,3,154,38.9,34.76,5.95,10.47,1.56,0.54,0.2,5.11,1.38,,2.86,2.19,0.301,0.363,0.395,0.758,2.46,0.71,0.94,4.82,3.47,0.84,0.1,0.01,8.2,9.08,4.82,3.34,0.11,2.4,1.82,1.326,1.9,0.11,25.5
124,PHI,1898,78,71,6,150,38.5,34.12,5.49,9.54,1.59,0.54,0.22,4.71,1.21,,3.15,2.53,0.28,0.348,0.377,0.725,2.53,0.68,0.937,5.23,3.72,0.86,0.07,0.0,8.59,9.6,5.23,3.55,0.15,2.66,2.17,1.427,2.27,0.16,24.7
125,PHI,1897,55,77,10,134,39.5,35.49,5.61,10.39,1.59,0.62,0.3,4.72,1.22,,2.98,2.25,0.293,0.353,0.398,0.751,2.21,0.54,0.944,5.91,4.6,0.86,0.03,0.01,8.62,10.56,5.91,4.41,0.21,2.72,1.89,1.54,1.97,0.22,24.6
126,PHI,1896,62,68,8,130,40.6,36.0,6.85,10.63,1.8,0.65,0.38,5.98,1.47,,3.37,2.28,0.295,0.363,0.413,0.776,2.41,0.86,0.941,6.85,5.2,0.82,0.02,0.02,8.59,11.33,6.85,4.96,0.3,2.98,1.87,1.665,1.96,0.31,23.7
127,PHI,1895,78,53,3,133,42.8,37.87,8.03,12.51,2.05,0.55,0.46,6.99,2.08,,3.48,1.97,0.33,0.394,0.45,0.844,2.77,0.7,0.933,7.2,5.47,0.8,0.02,0.05,8.73,11.03,7.2,5.3,0.27,3.65,2.48,1.681,2.56,0.28,22.2
128,PHI,1894,71,57,4,132,43.8,38.55,8.93,13.48,1.95,1.04,0.3,7.64,2.16,,3.86,1.92,0.35,0.415,0.478,0.893,2.66,0.86,0.934,7.54,5.63,0.78,0.02,0.03,8.73,11.53,7.54,5.45,0.47,3.63,2.02,1.737,2.08,0.48,23.8
129,PHI,1893,72,57,4,133,42.8,38.73,7.6,11.68,1.85,0.68,0.6,6.5,1.52,,3.52,2.52,0.301,0.368,0.431,0.799,2.39,0.91,0.944,6.32,4.68,0.8,0.03,0.02,8.94,10.2,6.32,4.65,0.23,3.92,2.15,1.58,2.16,0.23,25.0
130,PHI,1892,87,66,4,155,38.7,34.92,5.55,9.16,1.45,0.61,0.32,4.47,1.39,,3.41,3.32,0.262,0.334,0.367,0.701,2.54,0.83,0.939,4.45,2.93,0.85,0.06,0.03,8.9,8.45,4.45,2.9,0.15,3.17,3.3,1.306,3.34,0.16,25.8
131,PHI,1891,68,69,4,138,39.6,35.72,5.48,9.01,1.3,0.37,0.15,4.47,1.68,,3.49,2.99,0.252,0.326,0.322,0.648,3.21,0.78,0.925,5.6,3.73,0.76,0.02,0.04,8.91,9.27,5.6,3.7,0.22,3.67,2.48,1.453,2.5,0.22,24.0
132,PHI,1890,78,53,3,133,39.8,35.39,6.19,9.53,1.65,0.59,0.17,4.75,2.52,,3.92,3.03,0.269,0.35,0.364,0.714,2.99,0.92,0.929,5.32,3.32,0.92,0.07,0.02,8.98,9.1,5.32,3.32,0.17,3.65,3.81,1.42,3.82,0.17,23.2
133,PHI,1889,63,64,4,130,39.4,36.12,5.71,9.6,1.65,0.4,0.34,4.65,2.07,,3.02,2.72,0.266,0.327,0.362,0.689,3.58,0.71,0.915,5.75,4.0,0.82,0.03,0.02,8.87,9.91,5.75,3.95,0.25,3.29,3.41,1.488,3.46,0.26,25.1
134,PHI,1888,69,61,3,132,36.7,34.3,4.05,7.73,1.14,0.35,0.12,3.17,1.86,,2.03,3.67,0.225,0.276,0.29,0.566,3.21,0.53,0.923,3.86,2.38,0.95,0.12,0.02,8.84,8.12,3.86,2.34,0.2,1.48,3.93,1.087,4.0,0.2,24.6
135,PHI,1887,75,48,2,128,39.6,36.17,7.04,9.91,1.66,0.7,0.37,5.48,2.77,,3.01,2.7,0.274,0.337,0.389,0.726,3.68,0.59,0.912,5.48,3.47,0.93,0.05,0.01,8.85,9.16,5.48,3.41,0.38,2.38,3.4,1.305,3.46,0.38,24.4
136,PHI,1886,71,43,4,119,36.6,34.22,5.22,8.2,1.22,0.55,0.22,3.56,1.9,,2.37,4.34,0.24,0.289,0.327,0.616,3.3,0.39,0.921,4.18,2.45,0.92,0.08,0.02,8.79,7.76,4.18,2.39,0.24,2.22,4.54,1.135,4.65,0.25,22.8
137,PHI,1885,56,54,3,111,37.1,35.07,4.62,8.03,1.41,0.32,0.18,2.95,,,1.98,3.61,0.229,0.27,0.302,0.572,4.03,0.59,0.905,4.6,2.39,0.97,0.09,0.0,8.79,7.75,4.6,2.33,0.16,1.96,3.41,1.105,3.49,0.17,22.3
138,PHI,1884,39,73,6,113,37.2,35.38,4.86,8.27,1.32,0.35,0.12,3.04,,,1.85,4.53,0.234,0.272,0.301,0.573,4.74,0.59,0.888,7.29,3.93,0.94,0.03,0.01,8.68,9.65,7.29,3.79,0.33,2.25,3.64,1.37,3.77,0.34,20.9
139,PHI,1883,17,81,8,99,37.5,36.12,4.41,8.68,1.83,0.48,0.03,3.02,,,1.42,3.59,0.24,0.269,0.32,0.589,6.45,0.63,0.858,8.96,5.34,0.92,0.03,0.0,8.73,12.8,8.96,5.18,0.2,1.26,2.56,1.61,2.63,0.21,21.3
