,TEAM,YEAR,W,L,FINISH,R/G,G,PA,AB,R,H,2B,3B,HR,RBI,SB,CS,BB,SO,BA,OBP,SLG,OPS,E,DP,FLD%,BATAGE,RA/G,ERA,CG,TSHO,SV,IP,H_A,R_A,ER,HR_A,BB_A,KS,WHIP,SO9,HR9,PAGE
1,PHI,2021,82,80,2,4.53,162,6089,5366,734,1288,262,24,198,700,77.0,19.0,564,1402,0.24,0.318,0.408,0.726,94,142,0.984,29.1,4.6,4.39,5,12,36,1418.2,1321,745,692,200,509,1480,1.29,9.39,1.27,28.8
2,PHI,2020,28,32,3,5.1,60,2223,1948,306,500,90,10,82,289,35.0,8.0,229,480,0.257,0.342,0.439,0.781,35,57,0.983,28.5,5.18,5.14,3,5,11,497.0,550,311,284,80,185,532,1.479,9.63,1.45,29.1
3,PHI,2019,81,81,4,4.78,162,6261,5571,774,1369,311,26,215,742,78.0,18.0,562,1453,0.246,0.319,0.427,0.746,97,136,0.984,27.6,4.9,4.53,3,7,36,1453.2,1452,794,731,258,546,1392,1.374,8.62,1.6,28.4
4,PHI,2018,80,82,3,4.18,162,6136,5424,677,1271,241,30,186,653,69.0,26.0,582,1520,0.234,0.314,0.393,0.707,123,138,0.979,26.7,4.49,4.14,0,12,44,1445.2,1366,728,665,171,500,1465,1.291,9.12,1.06,26.8
5,PHI,2017,66,96,5,4.26,162,6133,5535,690,1382,287,36,174,654,59.0,25.0,494,1417,0.25,0.315,0.409,0.723,82,145,0.986,26.6,4.83,4.55,1,7,33,1441.0,1471,782,729,221,527,1309,1.387,8.18,1.38,26.8
6,PHI,2016,71,91,4,3.77,162,5992,5434,610,1305,231,35,161,574,96.0,45.0,424,1376,0.24,0.301,0.384,0.685,97,142,0.984,26.9,4.91,4.63,4,12,43,1437.0,1468,796,739,213,466,1299,1.346,8.14,1.33,26.3
7,PHI,2015,63,99,5,3.86,162,6053,5529,626,1374,272,37,130,586,88.0,32.0,387,1274,0.249,0.303,0.382,0.684,117,145,0.981,28.0,4.99,4.69,1,7,35,1436.1,1592,809,749,191,488,1153,1.448,7.22,1.2,28.5
8,PHI,2014,73,89,5,3.82,162,6198,5603,619,1356,251,27,125,584,109.0,26.0,443,1306,0.242,0.302,0.363,0.665,83,133,0.987,30.8,4.24,3.79,2,12,40,1468.1,1396,687,619,134,521,1255,1.306,7.69,0.82,30.1
9,PHI,2013,73,89,4,3.77,162,6014,5456,610,1355,255,32,140,578,73.0,29.0,417,1205,0.248,0.306,0.384,0.69,97,141,0.984,30.0,4.62,4.32,6,3,32,1436.1,1465,749,689,152,506,1199,1.372,7.51,0.95,28.7
10,PHI,2012,81,81,3,4.22,162,6172,5544,684,1414,271,28,158,659,116.0,23.0,454,1094,0.255,0.317,0.4,0.716,101,118,0.983,31.1,4.2,3.83,5,11,42,1451.1,1387,680,618,178,409,1385,1.237,8.59,1.1,29.1
11,PHI,2011,102,60,1,4.4,162,6279,5579,713,1409,258,38,153,693,96.0,24.0,539,1024,0.253,0.323,0.395,0.717,74,135,0.988,31.4,3.27,3.02,18,21,47,1477.0,1320,529,495,120,404,1299,1.167,7.92,0.73,29.2
12,PHI,2010,97,65,1,4.77,162,6291,5581,772,1451,290,34,166,736,108.0,21.0,560,1064,0.26,0.332,0.413,0.745,83,158,0.986,31.8,3.95,3.67,14,21,40,1456.1,1402,640,594,168,416,1183,1.248,7.31,1.04,31.1
13,PHI,2009,93,69,1,5.06,162,6338,5578,820,1439,312,35,224,788,119.0,28.0,589,1155,0.258,0.334,0.447,0.781,76,132,0.987,31.3,4.38,4.16,8,9,44,1455.2,1479,709,673,189,489,1153,1.352,7.13,1.17,31.2
14,PHI,2008,92,70,1,4.93,162,6273,5509,799,1407,291,36,214,762,136.0,25.0,586,1117,0.255,0.332,0.438,0.77,90,142,0.985,30.1,4.2,3.88,4,11,47,1449.2,1444,680,625,160,533,1081,1.364,6.71,0.99,30.6
15,PHI,2007,89,73,1,5.51,162,6537,5688,892,1558,326,41,213,850,138.0,19.0,641,1205,0.274,0.354,0.458,0.812,89,162,0.986,28.8,5.07,4.73,5,5,42,1458.1,1555,821,767,198,558,1050,1.449,6.48,1.22,30.6
16,PHI,2006,85,77,2,5.34,162,6509,5687,865,1518,294,41,216,823,92.0,25.0,626,1203,0.267,0.347,0.447,0.794,104,153,0.983,29.3,5.01,4.6,4,6,42,1460.1,1561,812,747,211,512,1138,1.42,7.01,1.3,30.5
17,PHI,2005,88,74,2,4.98,162,6345,5542,807,1494,282,35,167,760,116.0,27.0,639,1083,0.27,0.348,0.423,0.772,90,132,0.985,30.0,4.48,4.21,4,6,40,1435.0,1379,726,672,189,487,1159,1.3,7.27,1.19,29.7
18,PHI,2004,86,76,2,5.19,162,6456,5643,840,1505,303,23,215,802,100.0,27.0,645,1133,0.267,0.345,0.443,0.788,81,142,0.987,29.3,4.82,4.45,4,5,43,1462.2,1488,781,724,214,502,1070,1.361,6.58,1.32,29.8
19,PHI,2003,86,76,3,4.88,162,6333,5543,791,1448,325,27,166,757,72.0,29.0,651,1155,0.261,0.343,0.419,0.762,97,146,0.984,28.3,4.3,4.04,9,13,33,1443.2,1386,697,648,142,536,1060,1.331,6.61,0.89,29.0
20,PHI,2002,80,81,3,4.41,161,6323,5523,710,1428,325,41,165,676,104.0,43.0,640,1095,0.259,0.339,0.422,0.761,88,156,0.986,27.5,4.5,4.17,5,9,47,1449.2,1381,724,671,153,570,1075,1.346,6.67,0.95,28.5
21,PHI,2001,86,76,2,4.6,162,6219,5497,746,1431,295,29,164,708,153.0,47.0,551,1125,0.26,0.329,0.414,0.743,91,145,0.985,26.9,4.44,4.15,8,7,47,1445.1,1417,719,667,170,527,1086,1.345,6.76,1.06,28.9
22,PHI,2000,65,97,5,4.37,162,6273,5511,708,1386,304,40,144,668,102.0,30.0,611,1117,0.251,0.329,0.4,0.729,100,136,0.983,28.5,5.12,4.77,8,6,34,1438.2,1458,830,763,201,640,1123,1.458,7.03,1.26,28.7
23,PHI,1999,77,85,3,5.19,162,6386,5598,841,1539,302,44,161,797,125.0,35.0,631,1081,0.275,0.351,0.431,0.782,100,144,0.983,28.2,5.22,4.92,11,6,32,1438.1,1494,846,787,212,627,1030,1.475,6.44,1.33,28.3
24,PHI,1998,75,87,3,4.4,162,6300,5617,713,1482,286,36,126,672,97.0,45.0,508,1080,0.264,0.326,0.395,0.721,110,131,0.982,27.0,4.99,4.64,21,10,32,1463.0,1476,808,754,188,544,1176,1.381,7.23,1.16,29.3
25,PHI,1997,68,94,5,4.12,162,6130,5443,668,1390,290,35,116,622,92.0,56.0,519,1032,0.255,0.322,0.385,0.707,108,134,0.982,27.8,5.19,4.85,13,7,35,1420.1,1441,840,765,171,616,1209,1.448,7.66,1.08,27.9
26,PHI,1996,67,95,5,4.01,162,6171,5499,650,1405,249,39,132,604,117.0,41.0,536,1092,0.256,0.325,0.387,0.712,116,145,0.981,28.4,4.88,4.48,12,6,42,1423.1,1463,790,708,160,510,1044,1.386,6.6,1.01,27.7
27,PHI,1995,69,75,2,4.27,144,5613,4950,615,1296,263,30,94,576,72.0,25.0,497,884,0.262,0.332,0.384,0.716,97,139,0.982,29.7,4.57,4.21,8,8,41,1290.1,1241,658,603,134,538,980,1.379,6.84,0.93,27.1
28,PHI,1994,54,61,4,4.53,115,4436,3927,521,1028,208,28,80,484,67.0,24.0,396,711,0.262,0.332,0.39,0.722,94,96,0.978,29.8,4.32,3.85,7,6,30,1024.1,1028,497,438,98,377,699,1.372,6.14,0.86,29.3
29,PHI,1993,97,65,1,5.41,162,6527,5685,877,1555,297,51,156,811,91.0,32.0,665,1049,0.274,0.351,0.426,0.777,141,123,0.977,29.3,4.57,3.95,24,11,46,1472.2,1419,740,647,129,573,1117,1.353,6.83,0.79,28.8
30,PHI,1992,70,92,6,4.23,162,6172,5500,686,1392,255,36,118,638,127.0,31.0,509,1059,0.253,0.32,0.377,0.697,131,128,0.978,27.7,4.43,4.11,27,7,34,1428.0,1387,717,652,113,549,851,1.356,5.36,0.71,26.8
31,PHI,1991,78,84,3,3.88,162,6133,5521,629,1332,248,33,111,590,92.0,30.0,490,1026,0.241,0.303,0.358,0.662,119,111,0.981,29.0,4.2,3.86,16,11,35,1463.0,1346,680,628,111,670,988,1.378,6.08,0.68,26.7
32,PHI,1990,77,85,4,3.99,162,6245,5535,646,1410,237,27,103,619,108.0,35.0,582,915,0.255,0.327,0.363,0.69,117,150,0.981,28.6,4.5,4.07,18,7,35,1449.0,1381,729,655,124,651,840,1.402,5.22,0.77,26.5
33,PHI,1989,67,95,6,3.86,163,6128,5447,629,1324,215,36,123,594,106.0,50.0,558,926,0.243,0.314,0.364,0.677,133,136,0.979,29.0,4.51,4.04,10,10,33,1433.1,1408,735,644,127,613,899,1.41,5.64,0.8,27.8
34,PHI,1988,65,96,6,3.69,162,6055,5403,597,1294,246,31,106,567,112.0,49.0,489,981,0.239,0.306,0.355,0.661,145,139,0.976,29.0,4.53,4.14,16,6,36,1433.0,1447,734,659,118,628,859,1.448,5.39,0.74,29.0
35,PHI,1987,80,82,4,4.33,162,6190,5475,702,1390,248,51,169,662,111.0,49.0,587,1109,0.254,0.327,0.41,0.737,121,137,0.98,28.6,4.62,4.18,13,7,48,1448.1,1453,749,673,167,587,877,1.409,5.45,1.04,28.2
36,PHI,1986,86,75,2,4.59,161,6229,5483,739,1386,266,39,154,696,153.0,59.0,589,1154,0.253,0.327,0.4,0.727,137,157,0.978,27.8,4.43,3.85,22,11,39,1451.2,1473,713,621,130,553,874,1.396,5.42,0.81,28.6
37,PHI,1985,75,87,5,4.12,162,6122,5477,667,1343,238,47,141,628,122.0,51.0,527,1095,0.245,0.312,0.383,0.695,139,142,0.978,27.9,4.15,3.68,24,9,30,1447.0,1424,673,592,115,596,899,1.396,5.59,0.72,30.2
38,PHI,1984,81,81,4,4.44,162,6284,5614,720,1494,248,51,147,673,186.0,60.0,555,1084,0.266,0.333,0.407,0.74,161,112,0.975,28.8,4.26,3.62,11,6,35,1458.1,1416,690,586,101,448,904,1.278,5.58,0.62,31.9
39,PHI,1983,90,72,1,4.27,163,6218,5426,696,1352,209,45,125,649,143.0,75.0,640,906,0.249,0.329,0.373,0.702,152,117,0.976,31.9,3.9,3.34,20,10,41,1461.2,1429,635,542,111,464,1092,1.295,6.72,0.68,30.3
40,PHI,1982,89,73,2,4.1,162,6109,5454,664,1417,245,25,112,624,128.0,76.0,506,831,0.26,0.323,0.376,0.699,121,138,0.981,31.0,4.04,3.61,38,13,33,1456.1,1395,654,584,86,472,1002,1.282,6.19,0.53,31.9
41,PHI,1981,59,48,3,4.59,107,4143,3665,491,1002,165,25,69,453,103.0,46.0,372,432,0.273,0.341,0.389,0.73,86,90,0.98,31.3,4.41,4.05,19,5,23,960.1,967,472,432,72,347,580,1.368,5.44,0.67,30.3
42,PHI,1980,91,71,1,4.49,162,6269,5625,728,1517,272,54,117,674,140.0,62.0,472,708,0.27,0.327,0.4,0.726,136,136,0.979,30.6,3.94,3.43,25,8,40,1480.0,1419,639,564,87,530,889,1.317,5.41,0.53,28.6
43,PHI,1979,84,78,4,4.19,163,6222,5463,683,1453,250,53,119,641,128.0,76.0,602,764,0.266,0.34,0.396,0.736,106,148,0.983,30.7,4.4,4.16,33,14,29,1441.1,1455,718,666,135,477,787,1.34,4.91,0.84,28.3
44,PHI,1978,90,72,1,4.37,162,6154,5448,708,1404,248,32,133,661,152.0,58.0,552,866,0.258,0.328,0.388,0.716,104,156,0.983,29.9,3.62,3.33,38,9,29,1436.1,1343,586,532,118,393,813,1.209,5.09,0.74,30.3
45,PHI,1977,101,61,1,5.23,162,6293,5546,847,1548,266,56,186,795,135.0,68.0,573,806,0.279,0.346,0.448,0.794,120,168,0.981,29.4,4.12,3.71,31,7,47,1455.2,1451,668,600,134,482,856,1.328,5.29,0.83,29.7
46,PHI,1976,101,61,1,4.75,162,6237,5528,770,1505,259,45,110,708,127.0,70.0,542,793,0.272,0.338,0.395,0.733,115,148,0.981,28.8,3.44,3.08,34,9,44,1459.0,1377,557,499,98,397,918,1.216,5.66,0.6,29.8
47,PHI,1975,86,76,2,4.54,162,6367,5592,735,1506,283,42,125,687,126.0,57.0,610,960,0.269,0.342,0.402,0.744,152,156,0.976,27.7,4.28,3.82,33,11,30,1455.0,1353,694,618,111,546,897,1.305,5.55,0.69,27.3
48,PHI,1974,80,82,3,4.17,162,6121,5494,676,1434,233,50,95,636,115.0,58.0,469,822,0.261,0.32,0.373,0.693,148,168,0.976,26.7,4.33,3.91,46,4,19,1447.1,1394,701,629,111,682,892,1.434,5.55,0.69,27.6
49,PHI,1973,71,91,6,3.96,162,6157,5546,642,1381,218,29,134,592,51.0,47.0,476,979,0.249,0.31,0.371,0.681,134,179,0.979,26.5,4.43,3.99,49,11,22,1447.1,1435,717,642,131,632,919,1.428,5.71,0.81,26.4
50,PHI,1972,59,97,6,3.22,156,5862,5248,503,1240,200,36,98,469,42.0,50.0,487,930,0.236,0.302,0.344,0.646,116,142,0.981,26.1,4.07,3.66,43,13,15,1400.0,1318,635,570,117,536,927,1.324,5.96,0.75,27.0
51,PHI,1971,67,95,6,3.44,162,6172,5538,558,1289,209,35,123,522,63.0,39.0,499,1031,0.233,0.298,0.35,0.648,122,158,0.981,26.3,4.25,3.71,31,10,25,1470.2,1396,688,607,132,525,838,1.306,5.13,0.81,28.6
52,PHI,1970,73,88,5,3.69,161,6102,5456,594,1299,224,58,101,553,72.0,64.0,519,1066,0.238,0.305,0.356,0.661,114,134,0.981,26.7,4.53,4.17,24,8,36,1461.0,1483,730,677,132,538,1047,1.383,6.45,0.81,28.8
53,PHI,1969,63,99,5,3.98,162,6080,5408,645,1304,227,35,137,593,73.0,49.0,549,1130,0.241,0.312,0.372,0.684,137,157,0.978,27.1,4.6,4.14,47,14,21,1434.0,1494,745,660,134,570,921,1.439,5.78,0.84,26.1
54,PHI,1968,76,86,7,3.35,162,5968,5372,543,1253,178,30,100,505,58.0,51.0,462,1003,0.233,0.294,0.333,0.628,127,163,0.98,29.2,3.8,3.36,42,12,27,1448.1,1416,615,541,91,421,935,1.268,5.81,0.57,29.2
55,PHI,1967,82,80,5,3.78,162,6098,5401,612,1306,221,47,103,553,79.0,62.0,545,1033,0.242,0.313,0.357,0.67,137,174,0.978,28.8,3.59,3.1,46,17,24,1453.2,1372,581,501,86,403,967,1.221,5.99,0.53,30.6
56,PHI,1966,87,75,4,4.3,162,6256,5607,696,1448,224,49,117,628,56.0,42.0,510,969,0.258,0.322,0.378,0.7,113,147,0.982,29.2,3.95,3.57,52,15,23,1459.2,1439,640,579,137,412,928,1.268,5.72,0.84,30.1
57,PHI,1965,85,76,6,4.04,162,6179,5528,654,1380,205,53,144,608,46.0,32.0,494,1091,0.25,0.313,0.384,0.697,157,153,0.975,27.1,4.12,3.53,50,18,21,1468.2,1426,667,576,116,466,1071,1.288,6.56,0.71,29.0
58,PHI,1964,92,70,2,4.28,162,6117,5493,693,1415,241,51,130,649,30.0,35.0,440,924,0.258,0.315,0.391,0.706,157,150,0.975,26.8,3.9,3.36,37,17,42,1461.0,1402,632,546,129,440,1009,1.261,6.22,0.79,26.9
59,PHI,1963,87,75,4,3.96,162,6096,5524,642,1390,228,54,126,599,56.0,39.0,403,955,0.252,0.306,0.381,0.687,142,147,0.978,28.3,3.57,3.09,45,12,31,1457.1,1262,578,500,113,553,1052,1.245,6.5,0.7,27.4
60,PHI,1962,81,80,7,4.38,161,6131,5420,705,1410,199,39,142,658,79.0,42.0,531,923,0.26,0.33,0.39,0.72,138,167,0.977,27.2,4.71,4.28,43,7,24,1426.2,1469,759,678,155,574,863,1.432,5.44,0.98,25.8
61,PHI,1961,47,107,8,3.77,155,5870,5213,584,1265,185,50,103,549,56.0,30.0,475,928,0.243,0.31,0.357,0.667,146,179,0.976,25.8,5.14,4.61,29,9,13,1383.1,1452,796,708,155,521,775,1.426,5.04,1.01,27.1
62,PHI,1960,59,95,8,3.55,154,5749,5169,546,1235,196,44,99,503,45.0,48.0,448,1054,0.239,0.302,0.351,0.653,155,129,0.974,26.1,4.49,4.01,45,6,16,1375.1,1423,691,613,133,439,736,1.354,4.82,0.87,26.8
63,PHI,1959,64,90,8,3.86,155,5736,5109,599,1237,196,38,113,560,39.0,46.0,498,858,0.242,0.312,0.362,0.673,154,132,0.973,28.9,4.68,4.27,54,8,14,1354.0,1357,725,643,150,474,769,1.352,5.11,1.0,27.4
64,PHI,1958,69,85,8,4.31,154,6081,5363,664,1424,238,56,124,630,51.0,33.0,573,871,0.266,0.339,0.4,0.739,129,136,0.978,29.1,4.95,4.32,51,6,15,1397.0,1480,762,671,148,446,778,1.379,5.01,0.95,28.0
65,PHI,1957,77,77,5,3.99,156,5924,5241,623,1311,213,44,117,569,57.0,26.0,534,758,0.25,0.322,0.375,0.697,136,117,0.976,28.1,4.21,3.79,54,9,23,1401.2,1363,656,591,139,412,858,1.266,5.51,0.89,28.1
66,PHI,1956,71,83,5,4.34,154,5913,5204,668,1313,207,49,121,616,45.0,23.0,585,673,0.252,0.329,0.381,0.709,144,140,0.975,29.5,4.79,4.2,57,4,15,1377.1,1407,738,643,172,437,750,1.339,4.9,1.12,28.7
67,PHI,1955,77,77,4,4.38,154,5866,5092,675,1300,214,50,132,631,44.0,32.0,652,673,0.255,0.34,0.395,0.735,110,117,0.981,28.9,4.32,3.93,58,11,21,1356.2,1291,666,592,161,477,657,1.303,4.36,1.07,28.7
68,PHI,1954,75,79,4,4.31,154,5939,5184,659,1384,243,58,102,620,30.0,27.0,604,620,0.267,0.341,0.395,0.737,145,133,0.975,28.2,3.99,3.59,78,14,11,1365.1,1329,614,545,133,450,570,1.303,3.76,0.88,28.7
69,PHI,1953,83,71,3,4.59,156,5920,5290,716,1400,228,62,115,657,42.0,21.0,530,597,0.265,0.335,0.396,0.731,147,161,0.975,27.8,4.27,3.8,76,13,15,1369.2,1410,666,578,138,410,637,1.329,4.19,0.91,28.3
70,PHI,1952,87,67,4,4.27,154,5877,5205,657,1353,237,45,93,606,60.0,41.0,540,534,0.26,0.332,0.376,0.709,150,145,0.975,27.8,3.58,3.07,80,17,16,1386.2,1306,552,473,96,373,609,1.211,3.95,0.62,27.8
71,PHI,1951,73,81,5,4.21,154,5963,5332,648,1384,199,47,108,609,63.0,28.0,505,525,0.26,0.326,0.375,0.701,138,146,0.977,27.6,4.18,3.81,57,19,15,1384.2,1373,644,586,110,497,570,1.351,3.7,0.71,28.2
72,PHI,1950,91,63,1,4.6,157,6053,5426,722,1440,225,55,125,673,33.0,24.0,535,569,0.265,0.334,0.396,0.73,151,155,0.975,26.5,3.97,3.5,57,13,27,1406.0,1324,624,546,122,530,620,1.319,3.97,0.78,26.3
73,PHI,1949,81,73,3,4.3,154,5936,5307,662,1349,232,55,122,622,27.0,22.0,528,670,0.254,0.325,0.388,0.712,156,141,0.974,25.8,4.34,3.89,58,12,15,1391.2,1389,668,602,104,502,495,1.359,3.2,0.67,28.5
74,PHI,1948,66,88,6,3.81,155,5834,5287,591,1367,227,39,91,548,68.0,46.0,440,598,0.259,0.318,0.368,0.686,210,126,0.964,26.9,4.7,4.08,61,6,15,1362.1,1385,728,617,95,556,550,1.425,3.63,0.63,30.9
75,PHI,1947,62,92,7,3.8,155,5830,5256,589,1354,210,52,60,544,60.0,51.0,464,594,0.258,0.321,0.352,0.673,152,140,0.974,28.8,4.43,3.96,70,8,14,1362.0,1399,687,599,98,513,514,1.404,3.4,0.65,32.5
76,PHI,1946,69,85,5,3.61,155,5775,5233,560,1351,209,40,80,516,41.0,50.0,417,590,0.258,0.315,0.359,0.674,148,144,0.975,29.0,4.55,3.99,55,11,23,1369.0,1442,705,607,73,542,490,1.449,3.22,0.48,29.8
77,PHI,1945,46,108,8,3.56,154,5740,5203,548,1278,197,27,56,503,54.0,49.0,449,501,0.246,0.307,0.326,0.634,234,150,0.962,30.0,5.62,4.64,31,4,26,1352.2,1544,865,697,61,608,432,1.591,2.87,0.41,31.2
78,PHI,1944,61,92,8,3.5,154,5920,5301,539,1331,199,42,55,495,32.0,28.0,470,500,0.251,0.316,0.336,0.651,177,138,0.972,28.2,4.27,3.64,66,11,6,1395.1,1407,658,564,49,459,496,1.337,3.2,0.32,29.6
79,PHI,1943,64,90,7,3.64,157,5919,5297,571,1321,186,36,66,528,29.0,32.0,499,556,0.249,0.316,0.335,0.652,189,143,0.969,28.0,4.31,3.79,66,10,14,1392.2,1436,676,586,59,451,431,1.355,2.79,0.38,29.0
80,PHI,1942,42,109,8,2.61,151,5573,5060,394,1174,168,37,44,356,37.0,50.0,392,488,0.232,0.289,0.306,0.595,194,147,0.968,26.9,4.68,4.12,51,2,6,1341.0,1328,706,614,61,605,472,1.441,3.17,0.41,26.0
81,PHI,1941,43,111,8,3.23,155,5799,5233,501,1277,188,38,64,467,65.0,60.0,451,596,0.244,0.307,0.331,0.638,187,147,0.969,26.5,5.12,4.5,35,4,9,1372.1,1499,793,686,79,606,552,1.534,3.62,0.52,27.5
82,PHI,1940,50,103,8,3.23,153,5673,5137,494,1225,180,35,75,459,25.0,40.0,435,527,0.238,0.3,0.331,0.631,181,136,0.97,27.4,4.9,4.4,66,5,8,1357.0,1429,750,663,92,475,485,1.403,3.22,0.61,27.9
83,PHI,1939,45,106,8,3.64,152,5716,5133,553,1341,232,40,49,510,47.0,60.0,421,486,0.261,0.318,0.351,0.669,171,136,0.97,28.0,5.63,5.17,67,3,12,1326.2,1502,856,762,106,579,447,1.569,3.03,0.72,27.7
84,PHI,1938,45,105,8,3.64,151,5717,5192,550,1318,233,29,40,503,38.0,46.0,423,507,0.254,0.312,0.333,0.645,201,135,0.966,28.3,5.56,4.93,68,3,6,1329.1,1516,840,728,76,582,492,1.578,3.33,0.51,28.5
85,PHI,1937,61,92,7,4.7,155,5995,5424,724,1482,258,37,103,668,66.0,73.0,478,640,0.273,0.334,0.391,0.725,184,157,0.97,28.2,5.61,5.05,59,6,15,1373.2,1629,869,771,115,501,529,1.551,3.47,0.75,28.0
86,PHI,1936,54,100,8,4.71,154,6044,5465,726,1538,250,46,103,682,50.0,54.0,451,586,0.281,0.339,0.401,0.739,252,144,0.959,28.8,5.68,4.64,51,7,14,1365.1,1630,874,704,87,515,454,1.571,2.99,0.57,28.0
87,PHI,1935,64,89,7,4.39,156,5946,5442,685,1466,249,32,92,624,52.0,54.0,392,661,0.269,0.322,0.378,0.699,228,145,0.963,29.6,5.58,4.76,53,8,15,1374.2,1652,871,727,106,505,475,1.569,3.11,0.69,27.6
88,PHI,1934,56,93,7,4.53,149,5726,5218,675,1480,286,35,56,634,52.0,59.0,398,534,0.284,0.338,0.384,0.722,197,140,0.966,29.1,5.33,4.76,52,8,15,1297.0,1501,794,686,126,437,416,1.494,2.89,0.87,29.8
89,PHI,1933,60,92,7,3.99,152,5799,5261,607,1439,240,41,60,570,55.0,53.0,381,479,0.274,0.326,0.369,0.695,183,156,0.97,28.3,5.0,4.34,52,9,13,1336.2,1563,760,645,87,410,341,1.476,2.3,0.59,29.3
90,PHI,1932,78,76,4,5.48,154,6110,5510,844,1608,330,67,122,780,71.0,55.0,446,547,0.292,0.348,0.442,0.79,194,133,0.968,27.6,5.17,4.47,59,4,17,1384.0,1589,796,687,107,450,459,1.473,2.98,0.7,29.8
91,PHI,1931,66,88,6,4.41,155,5939,5375,684,1502,299,52,81,649,42.0,67.0,437,492,0.279,0.336,0.4,0.736,210,149,0.966,26.6,5.34,4.58,60,6,17,1360.1,1603,828,692,75,511,499,1.554,3.3,0.5,28.8
92,PHI,1930,52,102,8,6.05,156,6295,5667,944,1783,345,44,126,884,34.0,45.0,450,459,0.315,0.367,0.458,0.825,239,169,0.962,27.1,7.69,6.71,54,3,7,1372.2,1993,1199,1024,142,543,384,1.847,2.52,0.93,29.1
93,PHI,1929,71,82,5,5.82,154,6220,5484,897,1693,305,51,153,841,59.0,57.0,573,470,0.309,0.377,0.467,0.843,191,153,0.969,26.6,6.7,6.13,45,5,24,1348.0,1743,1032,918,122,616,369,1.75,2.46,0.81,28.2
94,PHI,1928,43,109,8,4.34,152,5922,5234,660,1396,257,47,85,606,53.0,54.0,503,510,0.267,0.333,0.382,0.716,181,171,0.971,27.3,6.3,5.61,42,4,13,1346.2,1664,957,839,108,675,402,1.737,2.69,0.72,28.0
95,PHI,1927,51,103,8,4.37,155,5960,5317,678,1487,216,46,57,617,68.0,,434,482,0.28,0.337,0.37,0.707,169,152,0.972,30.7,5.83,5.36,81,5,6,1355.1,1710,903,807,84,462,377,1.603,2.5,0.56,29.8
96,PHI,1926,58,93,8,4.52,152,5856,5254,687,1479,244,50,75,632,47.0,,422,479,0.281,0.337,0.39,0.727,224,153,0.964,30.2,5.92,5.03,68,5,5,1334.1,1699,900,746,68,454,331,1.614,2.23,0.46,29.0
97,PHI,1925,68,85,6,5.31,153,6038,5412,812,1598,288,58,100,731,48.0,59.0,456,542,0.295,0.354,0.425,0.779,211,147,0.966,29.6,6.08,5.02,69,8,9,1350.2,1753,930,754,117,444,371,1.627,2.47,0.78,30.8
98,PHI,1924,55,96,7,4.45,152,5858,5306,676,1459,256,56,94,615,57.0,67.0,382,452,0.275,0.328,0.397,0.725,175,168,0.972,29.4,5.59,4.87,59,7,10,1354.1,1691,849,733,84,469,349,1.595,2.32,0.56,30.0
99,PHI,1923,50,104,8,4.83,155,6056,5491,748,1528,259,39,112,677,70.0,73.0,414,556,0.278,0.333,0.401,0.734,217,172,0.966,28.1,6.5,5.34,68,3,8,1376.1,1801,1008,816,100,549,384,1.707,2.51,0.65,28.5
100,PHI,1922,57,96,7,4.79,154,6091,5459,738,1537,268,55,116,685,48.0,60.0,450,611,0.282,0.341,0.415,0.755,225,152,0.965,28.2,5.97,4.64,71,6,5,1372.0,1692,920,707,89,460,394,1.569,2.58,0.58,26.2
101,PHI,1921,51,103,8,4.01,154,5765,5329,617,1512,238,50,88,573,66.0,80.0,294,615,0.284,0.324,0.397,0.721,295,127,0.955,28.1,5.97,4.48,82,5,9,1348.2,1665,919,671,79,371,333,1.51,2.22,0.53,26.0
102,PHI,1920,62,91,8,3.69,153,5743,5264,565,1385,229,54,64,483,100.0,83.0,283,531,0.263,0.305,0.364,0.669,232,135,0.964,28.9,4.67,3.63,78,8,11,1380.2,1480,714,557,35,444,419,1.394,2.73,0.23,26.3
103,PHI,1919,47,90,8,3.7,138,5222,4746,510,1191,208,50,42,436,114.0,,323,469,0.251,0.303,0.342,0.645,218,112,0.963,29.3,5.07,4.14,93,6,2,1252.0,1391,699,576,40,408,397,1.437,2.85,0.29,27.7
104,PHI,1918,55,68,6,3.44,125,4689,4192,430,1022,158,28,25,376,97.0,,346,400,0.244,0.305,0.313,0.617,211,96,0.961,28.6,4.06,3.15,78,10,6,1139.2,1086,507,399,22,369,312,1.277,2.46,0.17,27.7
105,PHI,1917,87,65,2,3.75,154,5727,5084,578,1262,225,60,38,526,109.0,,435,533,0.248,0.31,0.339,0.648,212,112,0.967,29.9,3.25,2.46,102,22,5,1389.0,1258,500,379,25,325,616,1.14,3.99,0.16,28.3
106,PHI,1916,91,62,2,3.77,154,5602,4985,581,1244,223,53,42,486,149.0,,399,571,0.25,0.31,0.341,0.65,234,119,0.963,28.9,3.18,2.36,97,25,9,1382.1,1238,489,362,28,295,601,1.109,3.91,0.18,28.5
107,PHI,1915,90,62,1,3.85,153,5599,4916,589,1216,202,39,58,486,121.0,113.0,460,600,0.247,0.316,0.34,0.656,216,99,0.966,28.2,3.03,2.17,98,20,8,1374.1,1161,463,332,26,342,652,1.094,4.27,0.17,26.7
108,PHI,1914,74,80,6,4.23,154,5781,5110,651,1345,211,52,62,565,145.0,,472,570,0.263,0.329,0.361,0.69,324,81,0.95,28.5,4.46,3.06,85,14,7,1379.1,1403,687,469,26,452,650,1.345,4.24,0.17,23.8
109,PHI,1913,88,63,2,4.36,159,6010,5400,693,1433,257,78,73,597,156.0,122.0,383,578,0.265,0.318,0.382,0.701,214,112,0.968,28.9,4.0,3.15,77,20,11,1455.1,1407,636,510,40,512,667,1.319,4.12,0.25,25.0
110,PHI,1912,73,79,5,4.41,152,5757,5077,670,1354,244,68,43,570,159.0,,464,615,0.267,0.332,0.367,0.699,231,98,0.963,28.5,4.53,3.25,81,10,9,1355.0,1381,688,489,43,515,616,1.399,4.09,0.29,25.4
111,PHI,1911,79,73,4,4.3,153,5759,5044,658,1307,214,56,60,564,153.0,,490,588,0.259,0.328,0.359,0.688,231,113,0.963,28.2,4.37,3.3,90,20,10,1373.1,1285,669,503,43,598,697,1.371,4.57,0.28,27.3
112,PHI,1910,78,75,4,4.29,157,5937,5171,674,1319,223,71,22,565,199.0,,506,559,0.255,0.327,0.338,0.665,258,132,0.96,28.9,4.07,3.05,84,17,9,1411.1,1297,639,479,36,547,657,1.307,4.19,0.23,28.7
113,PHI,1909,74,79,5,3.36,154,5714,5034,517,1228,185,53,12,417,185.0,,368,490,0.244,0.302,0.309,0.611,241,97,0.962,28.1,3.37,2.44,89,17,6,1391.0,1190,519,377,23,472,612,1.195,3.96,0.15,27.3
114,PHI,1908,83,71,4,3.25,155,5632,5012,504,1223,194,68,11,400,200.0,,334,528,0.244,0.298,0.316,0.615,238,75,0.963,27.3,2.87,2.1,116,22,6,1393.0,1167,445,325,8,379,476,1.11,3.08,0.05,26.4
115,PHI,1907,83,64,3,3.45,149,5349,4725,514,1113,162,65,12,424,154.0,,424,520,0.236,0.304,0.305,0.609,256,104,0.957,28.1,3.19,2.43,110,21,4,1299.1,1095,476,351,13,422,499,1.168,3.46,0.09,26.6
116,PHI,1906,71,82,4,3.43,154,5535,4911,528,1183,197,47,12,444,180.0,,432,536,0.241,0.307,0.307,0.614,271,83,0.956,28.7,3.66,2.58,108,21,5,1354.1,1201,564,388,18,436,500,1.209,3.32,0.12,27.2
117,PHI,1905,83,69,4,4.57,155,5876,5243,708,1362,187,82,16,567,180.0,,406,614,0.26,0.318,0.336,0.654,275,99,0.957,29.0,3.89,2.81,119,12,5,1398.2,1303,603,437,21,411,516,1.225,3.32,0.14,30.0
118,PHI,1904,52,100,8,3.68,155,5683,5103,571,1268,170,54,23,469,159.0,,377,528,0.248,0.305,0.316,0.622,403,93,0.937,27.9,5.06,3.39,131,10,2,1339.1,1418,784,505,22,425,469,1.376,3.15,0.15,28.6
119,PHI,1903,49,86,7,4.44,139,5333,4781,617,1283,186,62,12,500,120.0,,337,431,0.268,0.322,0.341,0.662,300,76,0.947,29.0,5.31,3.96,126,5,3,1212.1,1347,738,534,21,425,381,1.462,2.83,0.16,28.2
120,PHI,1902,56,81,7,3.51,138,5149,4615,484,1139,110,43,5,389,108.0,,356,480,0.247,0.305,0.293,0.598,305,81,0.946,27.2,4.7,3.5,118,8,3,1211.0,1323,649,471,12,334,504,1.368,3.75,0.09,26.4
121,PHI,1901,83,57,2,4.77,140,5424,4793,668,1275,194,58,24,552,199.0,,430,550,0.266,0.334,0.346,0.68,262,65,0.954,28.5,3.88,2.87,125,15,2,1246.2,1221,543,397,19,259,480,1.187,3.47,0.14,25.9
122,PHI,1900,75,63,3,5.74,141,5594,4969,810,1439,187,82,29,694,205.0,,440,377,0.29,0.356,0.378,0.734,330,125,0.945,27.1,5.62,4.12,116,7,3,1248.2,1506,792,572,29,402,284,1.528,2.05,0.21,27.0
123,PHI,1899,94,58,3,5.95,154,5986,5353,916,1613,241,83,31,787,212.0,,441,337,0.301,0.363,0.395,0.757,379,110,0.94,26.6,4.82,3.47,129,15,2,1333.1,1398,743,514,17,370,281,1.326,1.9,0.11,25.5
124,PHI,1898,78,71,6,5.49,150,5779,5118,823,1431,238,81,33,706,182.0,,472,380,0.28,0.348,0.377,0.726,379,102,0.937,25.6,5.23,3.72,129,10,0,1288.1,1440,784,533,23,399,325,1.427,2.27,0.16,24.7
125,PHI,1897,55,77,10,5.65,134,5294,4756,752,1392,213,83,40,633,163.0,,399,302,0.293,0.353,0.398,0.75,296,72,0.944,26.9,5.91,4.6,115,4,2,1155.1,1415,792,591,28,364,253,1.54,1.97,0.22,24.6
126,PHI,1896,62,68,8,6.85,130,5273,4680,890,1382,234,84,49,778,191.0,,438,297,0.295,0.363,0.413,0.776,313,112,0.941,28.3,6.85,5.2,107,3,2,1117.0,1473,891,645,39,387,243,1.665,1.96,0.31,23.7
127,PHI,1895,78,53,3,8.03,133,5689,5037,1068,1664,272,73,61,930,276.0,,463,262,0.33,0.394,0.45,0.844,369,93,0.933,28.3,7.2,5.47,106,2,7,1161.0,1467,957,705,36,485,330,1.681,2.56,0.28,22.2
128,PHI,1894,71,57,4,8.93,132,5778,5088,1179,1780,258,137,40,1009,285.0,,510,254,0.35,0.415,0.478,0.893,351,114,0.934,27.5,7.54,5.63,103,3,4,1151.2,1522,995,720,62,479,266,1.737,2.08,0.48,23.8
129,PHI,1893,72,57,4,7.6,133,5690,5151,1011,1553,246,90,80,865,202.0,,468,335,0.301,0.368,0.431,0.798,318,121,0.944,26.8,6.32,4.68,107,4,2,1189.0,1357,841,618,30,522,286,1.58,2.16,0.23,25.0
130,PHI,1892,87,66,4,5.55,155,5995,5413,860,1420,225,95,50,693,216.0,,528,515,0.262,0.334,0.367,0.701,393,128,0.939,27.1,4.45,2.93,131,10,5,1379.0,1309,690,449,24,492,511,1.306,3.34,0.16,25.8
131,PHI,1891,68,69,4,5.48,138,5469,4929,756,1244,180,51,21,617,232.0,,482,412,0.252,0.326,0.322,0.649,443,108,0.925,25.9,5.6,3.73,105,3,5,1229.1,1279,773,510,30,507,342,1.453,2.5,0.22,24.0
132,PHI,1890,78,53,3,6.19,133,5293,4707,823,1267,220,78,23,632,335.0,,522,403,0.269,0.35,0.364,0.714,398,122,0.929,24.8,5.32,3.32,122,9,2,1194.2,1210,707,441,22,486,507,1.42,3.82,0.17,23.2
133,PHI,1889,63,64,4,5.71,130,5123,4695,742,1248,215,52,44,605,269.0,,393,353,0.266,0.327,0.362,0.689,466,92,0.915,26.3,5.75,4.0,106,4,2,1153.1,1288,748,513,33,428,443,1.488,3.46,0.26,25.1
134,PHI,1888,69,61,3,4.08,132,4847,4528,535,1021,151,46,16,418,246.0,,268,485,0.225,0.276,0.29,0.566,424,70,0.923,26.5,3.86,2.38,125,16,3,1167.0,1072,509,309,26,196,519,1.087,4.0,0.2,24.6
135,PHI,1887,75,48,2,7.04,128,5067,4630,901,1269,213,89,47,702,355.0,,385,346,0.274,0.337,0.389,0.726,471,76,0.912,26.0,5.48,3.47,119,7,1,1132.2,1173,702,437,48,305,435,1.305,3.46,0.38,24.4
136,PHI,1886,71,43,4,5.22,119,4354,4072,621,976,145,66,26,424,226.0,,282,516,0.24,0.289,0.327,0.616,393,46,0.921,25.5,4.18,2.45,110,10,2,1045.2,923,498,285,29,264,540,1.135,4.65,0.25,22.8
137,PHI,1885,56,54,3,4.62,111,4113,3893,513,891,156,35,20,327,,,220,401,0.229,0.27,0.302,0.572,447,66,0.905,24.7,4.6,2.39,108,10,0,976.0,860,511,259,18,218,378,1.105,3.49,0.17,22.3
138,PHI,1884,39,73,6,4.86,113,4207,3998,549,934,149,39,14,343,,,209,512,0.234,0.272,0.301,0.573,536,67,0.888,25.1,7.29,3.93,106,3,1,981.0,1090,824,428,37,254,411,1.37,3.77,0.34,20.9
139,PHI,1883,17,81,8,4.41,99,3717,3576,437,859,181,48,3,299,,,141,355,0.24,0.269,0.32,0.589,639,62,0.858,26.5,8.96,5.34,91,3,0,864.2,1267,887,513,20,125,253,1.61,2.63,0.21,21.3
